"","orf","pos","mrna_con","gdna_reads","gdna_con","octo10_A","octo10_C","octo10_G","octo10_T","octo10_tot","octo4_A","octo4_C","octo4_G","octo4_T","octo4_tot","octo6_A","octo6_C","octo6_G","octo6_T","octo6_tot","octo7_A","octo7_C","octo7_G","octo7_T","octo7_tot","octo8_A","octo8_C","octo8_G","octo8_T","octo8_tot","octo9_A","octo9_C","octo9_G","octo9_T","octo9_tot","genomic_codon","edited_codon","genomic_aa","edited_aa","edit_pos","upstream_base","downstream_base","A","C","G","T","edited","edited_reads","octo10_per","octo4_per","octo6_per","octo7_per","octo8_per","octo9_per","tstat","pval","padj","acc","protein_name","diff"
"12728","lcl|TRINITY_DN90_c0_g1_i16:425-2539",1862,"G",11,"A",120,0,34,0,154,152,0,44,0,196,0,0,16,0,16,44,0,10,0,54,125,0,11,0,136,196,0,49,0,245,"ATA","ATG","Ile","Met",2,"T","T",637,0,164,0,"G",164,0.220779220779221,0.224489795918367,1,0.185185185185185,0.0808823529411765,0.2,19.2013314188858,9.58220520611856e-05,0.000323176908542538,"Q804T6.1","Dixin-A (Coiled-coil protein DIX1-A) (Coiled-coil-DIX1-A) (DIX domain-containing protein 1-A)",0.206932840476258
"29119","lcl|TRINITY_DN1283_c11_g1_i2:c1391-3",67,"A",46,"A",67,0,0,0,67,66,0,0,0,66,7,0,23,0,30,71,0,0,0,71,65,0,0,0,65,36,0,2,0,38,"GAT","GGT","Asp","Gly",1,"G","T",312,0,25,0,"G",25,0,0,0.766666666666667,0,0,0.0526315789473685,9.59308199809748,0.000438652060546761,0.00143836989713323,"Q7TSQ8.1","Pyruvate dehydrogenase phosphatase regulatory subunit, mitochondrial (PDPr)",0.238011695906433
"38021","lcl|TRINITY_DN49259_c0_g1_i1:143-649",249,"A",79,"A",65,0,2,0,67,124,0,1,2,127,23,0,30,18,71,121,0,6,1,128,69,0,3,0,72,65,0,3,0,68,"ACT","GCT","Thr","Ala",0,"A","C",467,0,45,21,"G",45,0.0298507462686567,0.0236220472440944,0.676056338028169,0.0546875,0.0416666666666666,0.0441176470588235,26.2194934549051,5.21697838999788e-05,0.000176927237511367,"Q5TYW1.2","Zinc finger protein 658",0.22494002137442
"56164","lcl|TRINITY_DN2409_c1_g1_i13:43-174",93,"A",24,"A",12,0,2,0,14,13,0,1,0,14,0,0,24,0,24,41,0,4,0,45,37,0,0,0,37,23,0,1,0,24,"AAC","GAC","Asn","Asp",0,"A","A",126,0,32,0,"G",32,0.142857142857143,0.0714285714285714,1,0.0888888888888889,0,0.0416666666666666,6.53865526046719,0.00101571375184857,0.00323140860469652,"P14248.1","DNA-directed RNA polymerase II subunit RPB1 (RNA polymerase II subunit B1) (EC 2.7.7.6) (DNA-directed RNA polymerase III largest subunit)",0.277645502645503
"56923","lcl|TRINITY_DN33539_c0_g1_i1:c309-1",99,"A",24,"A",35,0,0,0,35,43,0,3,0,46,20,0,86,0,106,70,0,0,0,70,38,0,0,0,38,97,0,1,0,98,"ATC","GTC","Ile","Val",0,"T","T",303,0,90,0,"G",90,0,0.0652173913043478,0.811320754716981,0,0,0.0102040816326531,8.56397919838664,0.000573867622899767,0.0018672965083348,"P10073.2","Zinc finger and SCAN domain-containing protein 22 (Krueppel-related zinc finger protein 2) (Protein HKR2) (Zinc finger protein 50)",0.245299760593327
"58817","lcl|TRINITY_DN318_c11_g1_i1:57-302",202,"A",19,"A",23,0,1,0,24,37,0,0,0,37,0,0,14,0,14,32,0,3,0,35,38,0,0,0,38,31,0,3,0,34,"AAC","AGC","Asn","Ser",1,"A","C",161,0,21,0,"G",21,0.0416666666666666,0,1,0.0857142857142857,0,0.0882352941176471,8.84018536210657,0.000531280044205907,0.0017326441178109,"A2AIW0.1","Endosome-associated-trafficking regulator 1 (Serologically defined colon cancer antigen 3)",0.318604108309991
"61782","lcl|TRINITY_DN8756_c0_g1_i15:c243-1",186,"A",69,"A",76,0,1,0,77,90,0,0,5,95,4,0,35,0,39,126,0,0,0,126,96,0,0,0,96,94,0,0,0,94,"ACT","GCT","Thr","Ala",0,"T","C",486,0,36,5,"G",36,0.012987012987013,0.0526315789473685,0.897435897435897,0,0,0,12.3856450642782,0.000260848919499894,0.00086712447770448,"G0SDP9.1","Nucleoporin NUP152 (Nuclear pore protein NUP152)",0.277272435167172
"73149","lcl|TRINITY_DN8722_c1_g1_i4:c270-1",162,"A",62,"A",63,0,0,1,64,104,1,4,5,114,13,0,24,0,37,81,1,3,1,86,66,0,5,0,71,49,0,0,0,49,"AGT","GGT","Ser","Gly",0,"T","G",376,2,36,7,"G",36,0.015625,0.0877192982456141,0.648648648648649,0.0581395348837209,0.0704225352112676,0,5.87943470359814,0.00129892115016274,0.00408721443307025,"Q5R8X1.1","Zinc finger protein 665",0.224622140166008
"73837","lcl|TRINITY_DN16006_c2_g1_i1:3-275",217,"A",25,"A",23,0,0,0,23,23,0,0,0,23,0,0,15,0,15,71,0,0,3,74,70,0,0,0,70,52,0,0,1,53,"AAT","AGT","Asn","Ser",1,"A","T",239,0,15,4,"G",15,0,0,1,0.0405405405405406,0,0.0188679245283019,38.2888766515472,2.98113050857022e-05,0.000101566975714467,"P0DPD5.1","Zinc finger protein 723",0.340557538670746
"92345","lcl|TRINITY_DN33539_c0_g1_i2:c212-3",87,"A",46,"A",50,0,0,0,50,45,0,2,0,47,0,0,45,0,45,44,0,13,1,58,64,0,0,0,64,35,0,0,0,35,"ACT","GCT","Thr","Ala",0,"A","C",238,0,60,1,"G",60,0,0.0425531914893617,1,0.241379310344828,0,0,19.9209048354969,9.0498604724453e-05,0.000305463648858837,"Q3U0M1.2","Trafficking protein particle complex subunit 9 (NIK- and IKBKB-binding protein)",0.399608706285155
"92908","lcl|TRINITY_DN7276_c0_g1_i14:447-596",37,"A",25,"A",52,0,0,0,52,87,0,0,0,87,8,0,12,0,20,55,0,3,0,58,99,0,0,0,99,65,0,2,0,67,"AAT","AGT","Asn","Ser",1,"A","T",366,0,17,0,"G",17,0,0,0.6,0.0517241379310345,0,0.0298507462686567,14.7309848915122,0.000175673762112174,0.000587804990219349,"P58459.3","A disintegrin and metalloproteinase with thrombospondin motifs 10 (ADAM-TS 10) (ADAM-TS10) (ADAMTS-10) (EC 3.4.24.-)",0.207291130554126
"95739","lcl|TRINITY_DN13368_c0_g1_i6:c357-1",52,"A",31,"A",34,0,0,0,34,43,0,2,0,45,0,0,13,0,13,51,0,2,0,53,31,0,0,0,31,23,0,0,0,23,"AAG","AGG","Lys","Arg",1,"A","G",182,0,17,0,"G",17,0,0.0444444444444444,1,0.0377358490566038,0,0,15.8031694776503,0.000156509351699936,0.000525068623129093,"P78318.1","Immunoglobulin-binding protein 1 (B-cell signal transduction molecule alpha 4) (Protein alpha-4) (CD79a-binding protein 1) (Protein phosphatase 2/4/6 regulatory subunit) (Renal carcinoma antigen NY-REN-16)",0.33109713487072
"109523","lcl|TRINITY_DN10664_c3_g1_i1:c226-2",123,"A",13,"A",26,0,0,0,26,32,0,3,0,35,12,0,23,0,35,30,0,0,4,34,41,0,2,0,43,12,0,1,0,13,"AAA","GAA","Lys","Glu",0,"T","A",153,0,29,4,"G",29,0,0.0857142857142857,0.657142857142857,0.117647058823529,0.0465116279069767,0.0769230769230769,5.7024778402036,0.0013851609970178,0.0043445401757331,"A6NK53.3","Zinc finger protein 233",0.219554727078667
"111542","lcl|TRINITY_DN106061_c1_g1_i1:56-262",96,"A",314,"A",31,0,0,0,31,41,0,3,0,44,7,0,11,0,18,25,0,4,0,29,32,0,0,0,32,30,0,0,0,30,"AAA","GAA","Lys","Glu",0,"C","A",166,0,18,0,"G",18,0,0.0681818181818182,0.611111111111111,0.137931034482759,0,0,7.06113400012466,0.000868786605354749,0.00278263817724376,"O77302.1","40S ribosomal protein S10",0.226953442470684
"144018","lcl|TRINITY_DN3994_c1_g1_i2:c255-1",141,"A",55,"A",73,0,0,0,73,80,0,0,0,80,0,0,39,0,39,90,0,0,0,90,88,0,0,0,88,44,0,5,0,49,"ACA","GCA","Thr","Ala",0,"T","C",375,0,44,0,"G",44,0,0,1,0,0,0.102040816326531,6.22253967444162,0.0011285708353873,0.00357201698661321,"Q9BV79.2","Enoyl-[acyl-carrier-protein] reductase, mitochondrial (EC 1.3.1.104) (2-enoyl thioester reductase) (Nuclear receptor-binding factor 1) (HsNrbf-1) (NRBF-1)",0.299319727891156
"147212","lcl|TRINITY_DN2727_c0_g3_i1:9-200",72,"A",11,"A",35,0,0,0,35,50,0,3,0,53,8,0,17,0,25,63,0,1,0,64,30,0,2,0,32,58,0,1,0,59,"ATG","GTG","Met","Val",0,"T","T",244,0,24,0,"G",24,0,0.0566037735849056,0.68,0.015625,0.0625,0.0169491525423728,9.62017680517515,0.000436522681612068,0.00143170131028689,"Q6DE06.1","TM2 domain-containing protein 3",0.228190691290907
"156823","lcl|TRINITY_DN338_c3_g1_i2:18-140",97,"A",11,"A",16,0,1,0,17,42,0,1,0,43,4,0,8,0,12,27,0,0,0,27,48,2,1,0,51,60,0,1,0,61,"AAT","AGT","Asn","Ser",1,"A","T",197,2,12,0,"G",12,0.0588235294117647,0.0232558139534884,0.666666666666667,0,0.0588235294117647,0.0163934426229508,11.2389887597292,0.000319406840203952,0.00105694936566515,"Q8VHR0.2","Protocadherin 18",0.209005803363409
"163507","lcl|TRINITY_DN30221_c1_g1_i1:56-208",61,"A",67,"A",27,0,1,0,28,45,0,1,0,46,2,0,20,0,22,40,2,0,0,42,24,0,5,0,29,40,0,6,0,46,"AAA","AGA","Lys","Arg",1,"A","A",178,2,33,0,"G",33,0.0357142857142857,0.0217391304347826,0.909090909090909,0.0476190476190477,0.172413793103448,0.130434782608696,6.49792434050425,0.00102636064652203,0.00326341975016858,"Q3UF64.2","RING finger and transmembrane domain-containing protein 2 (Transmembrane protein 118)",0.313745183685214
"171781","lcl|TRINITY_DN605_c7_g1_i1:c273-1",97,"A",11,"A",33,0,1,3,37,70,0,2,2,74,5,0,21,0,26,40,0,0,0,40,44,0,0,0,44,44,0,2,0,46,"AAA","AGA","Lys","Arg",1,"A","A",236,0,26,5,"G",26,0.108108108108108,0.0540540540540541,0.807692307692308,0,0,0.0434782608695652,7.08998059580548,0.000859204400148631,0.00275323332176215,"Q68DN1.3","Uncharacterized protein C2orf16",0.200683961553527
"178708","lcl|TRINITY_DN23601_c6_g1_i1:c209-48",99,"A",12,"A",11,0,0,0,11,27,0,0,1,28,12,0,17,0,29,8,0,0,10,18,28,0,0,0,28,22,0,0,3,25,"AAA","GAA","Lys","Glu",0,"C","A",108,0,17,14,"G",17,0,0.0357142857142857,0.586206896551724,0.555555555555556,0,0.12,6.5331880762472,0.00101784313078326,0.00323796396458121,"Q8IXZ2.3","Zinc finger CCCH domain-containing protein 3 (Smad-interacting CPSF-like factor)",0.328682722130998
"207975","lcl|TRINITY_DN18303_c0_g1_i4:c500-3",297,"A",90,"A",37,0,5,0,42,51,0,6,0,57,9,0,10,0,19,24,0,1,0,25,14,0,10,0,24,14,0,1,0,15,"ATC","GTC","Ile","Val",0,"C","T",149,0,33,0,"G",33,0.119047619047619,0.105263157894737,0.526315789473684,0.04,0.416666666666667,0.0666666666666667,10.404661567541,0.000375835381973317,0.00123846008038087,"Q14562.1","ATP-dependent RNA helicase DHX8 (EC 3.6.4.13) (DEAH box protein 8) (RNA helicase HRH1)",0.230668337510443
"222567","lcl|TRINITY_DN38978_c0_g1_i1:c298-152",49,"A",11,"A",19,0,3,0,22,43,0,2,1,46,0,0,11,6,17,51,0,3,1,55,26,0,5,0,31,14,0,1,0,15,"TAC","TGC","Tyr","Cys",1,"T","C",153,0,25,8,"G",25,0.136363636363636,0.0652173913043478,1,0.0727272727272728,0.161290322580645,0.0666666666666667,9.69580267661059,0.000432263923742682,0.00141824225373496,"Q8IYT8.3","Serine/threonine-protein kinase ULK2 (EC 2.7.11.1) (Unc-51-like kinase 2)",0.321923300324422
"224707","lcl|TRINITY_DN1713_c0_g3_i1:c220-2",93,"A",25,"A",67,3,1,0,71,110,0,4,0,114,10,0,31,0,41,103,2,4,0,109,104,5,5,0,114,85,3,1,0,89,"AAA","GAA","Lys","Glu",0,"T","A",479,13,46,0,"G",46,0.0563380281690141,0.0350877192982456,0.75609756097561,0.055045871559633,0.0877192982456141,0.0449438202247191,29.2715824773223,4.36522681612068e-05,0.000148346860700072,"A3KG59.1","Xaa-Arg dipeptidase (EC 3.4.13.4)",0.254164387696293
"224769","lcl|TRINITY_DN7961_c7_g1_i1:244-912",219,"A",38,"A",26,0,13,0,39,25,0,21,0,46,90,0,0,0,90,62,0,4,0,66,57,0,1,0,58,16,0,9,0,25,"ATC","GTC","Ile","Val",0,"T","T",276,0,48,0,"G",48,0.333333333333333,0.456521739130435,0,0.0606060606060606,0.0172413793103449,0.36,6.75261936546768,0.000946508936471044,0.00302017208466039,"Q5R5U3.1","Zinc finger protein 271",0.357335877515788
"252022","lcl|TRINITY_DN10051_c0_g1_i1:65-211",103,"A",40,"A",24,0,2,0,26,56,0,0,0,56,0,0,16,0,16,50,0,0,0,50,26,0,1,0,27,26,0,0,0,26,"CAC","CGC","His","Arg",1,"C","C",182,0,19,0,"G",19,0.0769230769230769,0,1,0,0.0370370370370371,0,8.82574019480988,0.0005334094231406,0.00173948517066874,"P10073.2","Zinc finger and SCAN domain-containing protein 22 (Krueppel-related zinc finger protein 2) (Protein HKR2) (Zinc finger protein 50)",0.320037986704653
"260298","lcl|TRINITY_DN16174_c0_g1_i1:47-397",148,"A",30,"A",38,0,0,0,38,28,0,0,0,28,0,0,34,0,34,52,1,0,0,53,11,0,0,0,11,16,1,1,0,18,"AAA","AGA","Lys","Arg",1,"A","A",145,2,35,0,"G",35,0,0,1,0.0188679245283019,0,0.111111111111111,5.77692898592028,0.0013393793499219,0.00420679940999814,"P52738.2","Zinc finger protein 140",0.302585604472397
"272687","lcl|TRINITY_DN830_c4_g1_i4:c274-125",93,"A",15,"A",11,0,9,0,20,20,0,13,0,33,0,0,16,0,16,3,0,10,0,13,18,0,14,0,32,14,0,10,0,24,"ACA","GCA","Thr","Ala",0,"C","C",66,0,72,0,"G",72,0.45,0.393939393939394,1,0.769230769230769,0.4375,0.416666666666667,13.6983906875349,0.000210808514534608,0.000703492278284359,"A0A0B4KGY6.1","RNA-binding protein Pasilla",0.315374902874903
"286457","lcl|TRINITY_DN3994_c1_g1_i1:c212-3",82,"A",19,"A",14,0,1,0,15,29,0,5,0,34,10,0,38,0,48,52,0,5,0,57,22,0,23,0,45,40,0,0,0,40,"AAT","AGT","Asn","Ser",1,"A","T",167,0,72,0,"G",72,0.0666666666666667,0.147058823529412,0.791666666666667,0.0877192982456141,0.511111111111111,0,6.52417856463081,0.00101890782025061,0.00324081846776005,"Q9QY44.2","ATP-binding cassette sub-family D member 2 (EC 3.1.2.-) (EC 7.6.2.-) (Adrenoleukodystrophy-related protein)",0.392257195275771
"289586","lcl|TRINITY_DN16006_c2_g1_i1:3-275",165,"A",24,"A",22,0,2,1,25,45,0,1,0,46,0,14,0,0,14,82,0,7,4,93,93,0,4,0,97,57,2,3,1,63,"AAT","GAT","Asn","Asp",0,"A","A",299,16,17,6,"G",17,0.12,0.0217391304347826,1,0.118279569892473,0.0412371134020618,0.0952380952380952,7.36960550371041,0.000799581789977226,0.00257061261683035,"P49695.1","Probable serine/threonine-protein kinase PkwA (EC 2.7.11.1)",0.307513152540552
"293252","lcl|TRINITY_DN33539_c0_g1_i6:c309-109",60,"A",84,"A",75,0,3,0,78,103,0,0,0,103,7,0,33,0,40,123,0,2,0,125,69,0,0,0,69,45,0,0,0,45,"AAA","GAA","Lys","Glu",0,"T","A",422,0,38,0,"G",38,0.0384615384615384,0,0.825,0.016,0,0,14.7544900962385,0.000174609072644827,0.000584414826088431,"Q3ZCX4.2","Zinc finger protein 568",0.26751282051282
"297186","lcl|TRINITY_DN5002_c3_g1_i1:c1267-107",84,"A",19,"A",41,0,0,0,41,40,0,0,0,40,0,0,11,0,11,87,0,0,0,87,56,0,0,0,56,64,0,1,0,65,"AGT","GGT","Ser","Gly",0,"T","G",288,0,12,0,"G",12,0,0,1,0,0,0.0153846153846153,45.2548339959392,2.44878577489696e-05,8.35424341618723e-05,"Q5ZIJ9.1","E3 ubiquitin-protein ligase MIB2 (EC 2.3.2.27) (Mind bomb homolog 2) (RING-type E3 ubiquitin transferase MIB2)",0.328205128205128
"310249","lcl|TRINITY_DN9240_c0_g3_i1:c393-286",64,"A",25,"A",47,0,6,0,53,39,0,4,0,43,0,0,11,0,11,70,0,0,0,70,93,0,4,0,97,63,0,2,0,65,"CAC","CGC","His","Arg",1,"C","C",312,0,27,0,"G",27,0.113207547169811,0.0930232558139535,1,0,0.0412371134020618,0.0307692307692308,7.64069606041802,0.000743153248207861,0.00239657165675341,"P17026.3","Zinc finger protein 22 (Zinc finger protein KOX15) (Zinc finger protein Krox-26)",0.268079026549689
"326569","lcl|TRINITY_DN8756_c0_g1_i15:c243-1",183,"A",72,"A",79,0,0,0,79,108,0,0,5,113,3,0,37,0,40,134,0,0,0,134,100,0,0,0,100,98,0,0,0,98,"ACT","GCT","Thr","Ala",0,"A","C",522,0,37,5,"G",37,0,0.0442477876106194,0.925,0,0,0,14.0749604795182,0.000196967551459104,0.000658063996974165,"P21328.1","RNA-directed DNA polymerase from mobile element jockey (EC 2.7.7.49) (Reverse transcriptase)",0.29358407079646
"341837","lcl|TRINITY_DN22912_c0_g1_i1:76-468",310,"A",16,"A",29,0,3,1,33,52,0,3,0,55,9,0,47,0,56,59,2,3,0,64,34,0,5,4,43,25,0,1,0,26,"AAC","AGC","Asn","Ser",1,"A","C",208,2,62,5,"G",62,0.121212121212121,0.0545454545454546,0.839285714285714,0.078125,0.209302325581395,0.0384615384615384,8.49031943032203,0.000582385138638539,0.00189358877493732,"Q8BV79.3","TPR and ankyrin repeat-containing protein 1 (Lupus brain antigen 1)",0.304164641882665
"349831","lcl|TRINITY_DN16174_c0_g1_i1:47-397",39,"A",11,"A",33,0,0,0,33,34,2,0,0,36,27,10,34,0,71,29,1,7,0,37,25,2,1,0,28,47,5,1,0,53,"ATC","GTC","Ile","Val",0,"T","T",195,20,43,0,"G",43,0,0.0555555555555556,0.619718309859155,0.216216216216216,0.107142857142857,0.113207547169811,5.58433466750361,0.00145968925973206,0.0045678069424705,"Q9Z2Z9.3","Glutamine--fructose-6-phosphate aminotransferase [isomerizing] 2 (EC 2.6.1.16) (D-fructose-6-phosphate amidotransferase 2) (Glutamine:fructose-6-phosphate amidotransferase 2) (GFAT 2) (GFAT2) (Hexosephosphate aminotransferase 2)",0.258104760164287
"372460","lcl|TRINITY_DN4376_c0_g1_i5:c356-51",172,"A",17,"A",73,0,7,0,80,119,0,8,0,127,31,0,50,0,81,88,0,22,0,110,81,0,20,0,101,78,0,4,0,82,"TAT","TGT","Tyr","Cys",1,"T","T",470,0,111,0,"G",111,0.0875,0.062992125984252,0.617283950617284,0.2,0.198019801980198,0.0487804878048781,17.0087446693486,0.000127762736081581,0.000429586374932064,"P14381.1","Transposon TX1 uncharacterized 149 kDa protein (ORF 2)",0.272010379602784
"419031","lcl|TRINITY_DN162_c10_g1_i1:131-295",6,"A",53,"A",39,0,0,0,39,31,0,0,0,31,0,0,16,0,16,39,0,0,0,39,33,0,0,0,33,30,0,1,0,31,"AGA","GGA","Arg","Gly",0,"T","G",172,0,17,0,"G",17,0,0,1,0,0,0.032258064516129,21.2132034355964,7.9851710050988e-05,0.000269875461055904,"Q2EMV9.3","Protein mono-ADP-ribosyltransferase PARP14 (EC 2.4.2.-) (ADP-ribosyltransferase diphtheria toxin-like 8) (ARTD8) (Collaborator of STAT6) (CoaSt6) (Poly [ADP-ribose] polymerase 14) (PARP-14)",0.32258064516129
